{
    "2": {
        "accuracy": 0.6380000114440918,
        "micro_f1": 0.638,
        "macro_f1": 0.6070270708901734
    },
    "5": {
        "accuracy": 0.578000009059906,
        "micro_f1": 0.578,
        "macro_f1": 0.5580521402707003
    },
    "8": {
        "accuracy": 0.23499999940395355,
        "micro_f1": 0.235,
        "macro_f1": 0.06992314500793088
    },
    "11": {
        "accuracy": 0.18199999630451202,
        "micro_f1": 0.182,
        "macro_f1": 0.05132543711223914
    },
    "14": {
        "accuracy": 0.23100000619888306,
        "micro_f1": 0.231,
        "macro_f1": 0.06255077173030056
    },
    "17": {
        "accuracy": 0.07699999958276749,
        "micro_f1": 0.077,
        "macro_f1": 0.023831631073970905
    },
    "20": {
        "accuracy": 0.1599999964237213,
        "micro_f1": 0.16,
        "macro_f1": 0.04597701149425287
    }
}