{
    "2": {
        "accuracy": 0.625,
        "micro_f1": 0.625,
        "macro_f1": 0.5995436652310376
    },
    "5": {
        "accuracy": 0.609000027179718,
        "micro_f1": 0.609,
        "macro_f1": 0.5846478671414537
    },
    "8": {
        "accuracy": 0.07599999755620956,
        "micro_f1": 0.076,
        "macro_f1": 0.027846846509148312
    },
    "11": {
        "accuracy": 0.16899999976158142,
        "micro_f1": 0.169,
        "macro_f1": 0.04818933561448532
    },
    "14": {
        "accuracy": 0.16200000047683716,
        "micro_f1": 0.162,
        "macro_f1": 0.04995505459099678
    },
    "17": {
        "accuracy": 0.16899999976158142,
        "micro_f1": 0.169,
        "macro_f1": 0.04818933561448532
    },
    "20": {
        "accuracy": 0.1599999964237213,
        "micro_f1": 0.16,
        "macro_f1": 0.04597701149425287
    }
}