{
    "2": {
        "accuracy": 0.4009999930858612,
        "micro_f1": 0.401,
        "macro_f1": 0.33879319889284304
    },
    "5": {
        "accuracy": 0.18000000715255737,
        "micro_f1": 0.18,
        "macro_f1": 0.1016949152542373
    },
    "8": {
        "accuracy": 0.18000000715255737,
        "micro_f1": 0.18,
        "macro_f1": 0.1016949152542373
    },
    "11": {
        "accuracy": 0.4129999876022339,
        "micro_f1": 0.413,
        "macro_f1": 0.19485727765982544
    },
    "14": {
        "accuracy": 0.4129999876022339,
        "micro_f1": 0.413,
        "macro_f1": 0.19485727765982544
    },
    "17": {
        "accuracy": 0.4129999876022339,
        "micro_f1": 0.413,
        "macro_f1": 0.19485727765982544
    },
    "20": {
        "accuracy": 0.4129999876022339,
        "micro_f1": 0.413,
        "macro_f1": 0.19485727765982544
    }
}