{
    "2": {
        "accuracy": 0.6520000100135803,
        "micro_f1": 0.652,
        "macro_f1": 0.6285777920837309
    },
    "5": {
        "accuracy": 0.597000002861023,
        "micro_f1": 0.597,
        "macro_f1": 0.5739118393451078
    },
    "8": {
        "accuracy": 0.5559999942779541,
        "micro_f1": 0.556,
        "macro_f1": 0.5228397964326703
    },
    "11": {
        "accuracy": 0.4339999854564667,
        "micro_f1": 0.434,
        "macro_f1": 0.3521074184845792
    },
    "14": {
        "accuracy": 0.42899999022483826,
        "micro_f1": 0.429,
        "macro_f1": 0.3942565820773194
    },
    "17": {
        "accuracy": 0.16899999976158142,
        "micro_f1": 0.169,
        "macro_f1": 0.04818933561448532
    },
    "20": {
        "accuracy": 0.13899999856948853,
        "micro_f1": 0.139,
        "macro_f1": 0.08231240923363496
    }
}