{
    "2": {
        "accuracy": 0.7889999747276306,
        "micro_f1": 0.789,
        "macro_f1": 0.7866676444352491
    },
    "5": {
        "accuracy": 0.7400000095367432,
        "micro_f1": 0.74,
        "macro_f1": 0.7432864439398188
    },
    "8": {
        "accuracy": 0.1889999955892563,
        "micro_f1": 0.189,
        "macro_f1": 0.15770881173396914
    },
    "11": {
        "accuracy": 0.26100000739097595,
        "micro_f1": 0.261,
        "macro_f1": 0.24828461804404003
    },
    "14": {
        "accuracy": 0.164000004529953,
        "micro_f1": 0.164,
        "macro_f1": 0.09374877963986875
    },
    "17": {
        "accuracy": 0.11400000005960464,
        "micro_f1": 0.114,
        "macro_f1": 0.05415591583590886
    },
    "20": {
        "accuracy": 0.14499999582767487,
        "micro_f1": 0.145,
        "macro_f1": 0.0875615274207543
    }
}