{
    "2": {
        "accuracy": 0.7889999747276306,
        "micro_f1": 0.789,
        "macro_f1": 0.7863047379315341
    },
    "5": {
        "accuracy": 0.7730000019073486,
        "micro_f1": 0.773,
        "macro_f1": 0.7693764932304
    },
    "8": {
        "accuracy": 0.45899999141693115,
        "micro_f1": 0.459,
        "macro_f1": 0.4364854159062457
    },
    "11": {
        "accuracy": 0.546999990940094,
        "micro_f1": 0.547,
        "macro_f1": 0.552711918309832
    },
    "14": {
        "accuracy": 0.27799999713897705,
        "micro_f1": 0.278,
        "macro_f1": 0.19608108789403628
    },
    "17": {
        "accuracy": 0.11699999868869781,
        "micro_f1": 0.117,
        "macro_f1": 0.051676543551966714
    },
    "20": {
        "accuracy": 0.14399999380111694,
        "micro_f1": 0.144,
        "macro_f1": 0.03803618814335287
    }
}