{
    "2": {
        "accuracy": 0.765999972820282,
        "micro_f1": 0.766,
        "macro_f1": 0.7653800767925799
    },
    "5": {
        "accuracy": 0.7620000243186951,
        "micro_f1": 0.762,
        "macro_f1": 0.7500517467385573
    },
    "8": {
        "accuracy": 0.6449999809265137,
        "micro_f1": 0.645,
        "macro_f1": 0.6416890956065632
    },
    "11": {
        "accuracy": 0.5189999938011169,
        "micro_f1": 0.519,
        "macro_f1": 0.49633621950685997
    },
    "14": {
        "accuracy": 0.5130000114440918,
        "micro_f1": 0.513,
        "macro_f1": 0.5100695347152113
    },
    "17": {
        "accuracy": 0.4090000092983246,
        "micro_f1": 0.409,
        "macro_f1": 0.20113553113553115
    },
    "20": {
        "accuracy": 0.30399999022483826,
        "micro_f1": 0.304,
        "macro_f1": 0.25568356887148164
    }
}