{
    "2": {
        "accuracy": 0.7860000133514404,
        "micro_f1": 0.786,
        "macro_f1": 0.7837106273067225
    },
    "5": {
        "accuracy": 0.765999972820282,
        "micro_f1": 0.766,
        "macro_f1": 0.7625420261995144
    },
    "8": {
        "accuracy": 0.2939999997615814,
        "micro_f1": 0.294,
        "macro_f1": 0.22868261507162788
    },
    "11": {
        "accuracy": 0.10400000214576721,
        "micro_f1": 0.104,
        "macro_f1": 0.029274036484399853
    },
    "14": {
        "accuracy": 0.14499999582767487,
        "micro_f1": 0.145,
        "macro_f1": 0.057049650375887884
    },
    "17": {
        "accuracy": 0.14100000262260437,
        "micro_f1": 0.141,
        "macro_f1": 0.03820925615323322
    },
    "20": {
        "accuracy": 0.14399999380111694,
        "micro_f1": 0.144,
        "macro_f1": 0.03596403596403597
    }
}