{
    "2": {
        "accuracy": 0.7670000195503235,
        "micro_f1": 0.767,
        "macro_f1": 0.7650827007347311
    },
    "5": {
        "accuracy": 0.7369999885559082,
        "micro_f1": 0.737,
        "macro_f1": 0.7178476976694136
    },
    "8": {
        "accuracy": 0.6700000166893005,
        "micro_f1": 0.67,
        "macro_f1": 0.6569773754115599
    },
    "11": {
        "accuracy": 0.6690000295639038,
        "micro_f1": 0.669,
        "macro_f1": 0.6507394155025338
    },
    "14": {
        "accuracy": 0.4090000092983246,
        "micro_f1": 0.409,
        "macro_f1": 0.29150397109995485
    },
    "17": {
        "accuracy": 0.4129999876022339,
        "micro_f1": 0.413,
        "macro_f1": 0.19485727765982544
    },
    "20": {
        "accuracy": 0.19099999964237213,
        "micro_f1": 0.191,
        "macro_f1": 0.12268375857676979
    }
}