{
    "2": {
        "accuracy": 0.7889999747276306,
        "micro_f1": 0.789,
        "macro_f1": 0.7899254064215253
    },
    "5": {
        "accuracy": 0.734000027179718,
        "micro_f1": 0.734,
        "macro_f1": 0.7332739573192744
    },
    "8": {
        "accuracy": 0.777999997138977,
        "micro_f1": 0.778,
        "macro_f1": 0.7658747629287842
    },
    "11": {
        "accuracy": 0.2800000011920929,
        "micro_f1": 0.28,
        "macro_f1": 0.20651473396347658
    },
    "14": {
        "accuracy": 0.13300000131130219,
        "micro_f1": 0.133,
        "macro_f1": 0.06086793338024865
    },
    "17": {
        "accuracy": 0.10499999672174454,
        "micro_f1": 0.105,
        "macro_f1": 0.03051304563346202
    },
    "20": {
        "accuracy": 0.06400000303983688,
        "micro_f1": 0.064,
        "macro_f1": 0.017185821697099892
    }
}