{
    "2": {
        "accuracy": 0.7940000295639038,
        "micro_f1": 0.794,
        "macro_f1": 0.7904062446486717
    },
    "5": {
        "accuracy": 0.7929999828338623,
        "micro_f1": 0.793,
        "macro_f1": 0.7943953697819298
    },
    "8": {
        "accuracy": 0.06400000303983688,
        "micro_f1": 0.064,
        "macro_f1": 0.017185821697099892
    },
    "11": {
        "accuracy": 0.12999999523162842,
        "micro_f1": 0.13,
        "macro_f1": 0.03286978508217446
    },
    "14": {
        "accuracy": 0.06400000303983688,
        "micro_f1": 0.064,
        "macro_f1": 0.017185821697099892
    },
    "17": {
        "accuracy": 0.12999999523162842,
        "micro_f1": 0.13,
        "macro_f1": 0.03286978508217446
    },
    "20": {
        "accuracy": 0.14399999380111694,
        "micro_f1": 0.144,
        "macro_f1": 0.03596403596403597
    }
}