{
    "2": {
        "accuracy": 0.6399999856948853,
        "micro_f1": 0.64,
        "macro_f1": 0.6239028386656178
    },
    "5": {
        "accuracy": 0.6179999709129333,
        "micro_f1": 0.618,
        "macro_f1": 0.599425820714678
    },
    "8": {
        "accuracy": 0.5109999775886536,
        "micro_f1": 0.511,
        "macro_f1": 0.48070155192259706
    },
    "11": {
        "accuracy": 0.30399999022483826,
        "micro_f1": 0.304,
        "macro_f1": 0.1813927507623776
    },
    "14": {
        "accuracy": 0.23800000548362732,
        "micro_f1": 0.238,
        "macro_f1": 0.16712853362658361
    },
    "17": {
        "accuracy": 0.20800000429153442,
        "micro_f1": 0.208,
        "macro_f1": 0.10827542167400128
    },
    "20": {
        "accuracy": 0.3319999873638153,
        "micro_f1": 0.332,
        "macro_f1": 0.21574105637477037
    }
}