{
    "2": {
        "accuracy": 0.7839999794960022,
        "micro_f1": 0.784,
        "macro_f1": 0.7816434562385889
    },
    "5": {
        "accuracy": 0.7559999823570251,
        "micro_f1": 0.756,
        "macro_f1": 0.7569554039274557
    },
    "8": {
        "accuracy": 0.7599999904632568,
        "micro_f1": 0.76,
        "macro_f1": 0.7562914004448157
    },
    "11": {
        "accuracy": 0.12200000137090683,
        "micro_f1": 0.122,
        "macro_f1": 0.11352948825178959
    },
    "14": {
        "accuracy": 0.15000000596046448,
        "micro_f1": 0.15,
        "macro_f1": 0.03883489210831958
    },
    "17": {
        "accuracy": 0.3199999928474426,
        "micro_f1": 0.32,
        "macro_f1": 0.0813903042318467
    },
    "20": {
        "accuracy": 0.10300000011920929,
        "micro_f1": 0.103,
        "macro_f1": 0.02677759001689848
    }
}