{
    "2": {
        "accuracy": 0.6380000114440918,
        "micro_f1": 0.638,
        "macro_f1": 0.6192247035820125
    },
    "5": {
        "accuracy": 0.6029999852180481,
        "micro_f1": 0.603,
        "macro_f1": 0.5673918126647691
    },
    "8": {
        "accuracy": 0.44600000977516174,
        "micro_f1": 0.446,
        "macro_f1": 0.4557407192452651
    },
    "11": {
        "accuracy": 0.4580000042915344,
        "micro_f1": 0.458,
        "macro_f1": 0.40648584730203946
    },
    "14": {
        "accuracy": 0.36500000953674316,
        "micro_f1": 0.365,
        "macro_f1": 0.3127701686145093
    },
    "17": {
        "accuracy": 0.12600000202655792,
        "micro_f1": 0.126,
        "macro_f1": 0.06776178014747442
    },
    "20": {
        "accuracy": 0.22200000286102295,
        "micro_f1": 0.222,
        "macro_f1": 0.10403973842777446
    }
}