{
    "2": {
        "accuracy": 0.7929999828338623,
        "micro_f1": 0.793,
        "macro_f1": 0.7888545846721927
    },
    "5": {
        "accuracy": 0.7459999918937683,
        "micro_f1": 0.746,
        "macro_f1": 0.7516638380566317
    },
    "8": {
        "accuracy": 0.20499999821186066,
        "micro_f1": 0.205,
        "macro_f1": 0.21627976238481583
    },
    "11": {
        "accuracy": 0.24899999797344208,
        "micro_f1": 0.249,
        "macro_f1": 0.16713003971457757
    },
    "14": {
        "accuracy": 0.14900000393390656,
        "micro_f1": 0.149,
        "macro_f1": 0.03705085167226159
    },
    "17": {
        "accuracy": 0.14399999380111694,
        "micro_f1": 0.144,
        "macro_f1": 0.038866807486657225
    },
    "20": {
        "accuracy": 0.16300000250339508,
        "micro_f1": 0.163,
        "macro_f1": 0.05301988825642377
    }
}