{
    "2": {
        "accuracy": 0.7699999809265137,
        "micro_f1": 0.77,
        "macro_f1": 0.7735662622423497
    },
    "5": {
        "accuracy": 0.7649999856948853,
        "micro_f1": 0.765,
        "macro_f1": 0.7599324418712142
    },
    "8": {
        "accuracy": 0.7110000252723694,
        "micro_f1": 0.711,
        "macro_f1": 0.71358691387952
    },
    "11": {
        "accuracy": 0.4189999997615814,
        "micro_f1": 0.419,
        "macro_f1": 0.47074028410333574
    },
    "14": {
        "accuracy": 0.11599999666213989,
        "micro_f1": 0.116,
        "macro_f1": 0.07533560887941314
    },
    "17": {
        "accuracy": 0.10300000011920929,
        "micro_f1": 0.103,
        "macro_f1": 0.026680481802875276
    },
    "20": {
        "accuracy": 0.06599999964237213,
        "micro_f1": 0.066,
        "macro_f1": 0.02549737843855491
    }
}