{
    "2": {
        "accuracy": 0.7870000004768372,
        "micro_f1": 0.787,
        "macro_f1": 0.7859511414377442
    },
    "5": {
        "accuracy": 0.7699999809265137,
        "micro_f1": 0.77,
        "macro_f1": 0.7677144509193016
    },
    "8": {
        "accuracy": 0.7350000143051147,
        "micro_f1": 0.735,
        "macro_f1": 0.7199105370210931
    },
    "11": {
        "accuracy": 0.3869999945163727,
        "micro_f1": 0.387,
        "macro_f1": 0.43034094368069603
    },
    "14": {
        "accuracy": 0.11900000274181366,
        "micro_f1": 0.119,
        "macro_f1": 0.0596714629698138
    },
    "17": {
        "accuracy": 0.13600000739097595,
        "micro_f1": 0.136,
        "macro_f1": 0.04697322319650717
    },
    "20": {
        "accuracy": 0.14000000059604645,
        "micro_f1": 0.14,
        "macro_f1": 0.0628770452059583
    }
}