{
    "2": {
        "accuracy": 0.7990000247955322,
        "micro_f1": 0.799,
        "macro_f1": 0.7950535188984722
    },
    "5": {
        "accuracy": 0.7620000243186951,
        "micro_f1": 0.762,
        "macro_f1": 0.7623216802188993
    },
    "8": {
        "accuracy": 0.27000001072883606,
        "micro_f1": 0.27,
        "macro_f1": 0.18020324150388117
    },
    "11": {
        "accuracy": 0.06400000303983688,
        "micro_f1": 0.064,
        "macro_f1": 0.017185821697099892
    },
    "14": {
        "accuracy": 0.09099999815225601,
        "micro_f1": 0.091,
        "macro_f1": 0.02383134738771769
    },
    "17": {
        "accuracy": 0.12999999523162842,
        "micro_f1": 0.13,
        "macro_f1": 0.03286978508217446
    },
    "20": {
        "accuracy": 0.06400000303983688,
        "micro_f1": 0.064,
        "macro_f1": 0.017185821697099892
    }
}