{
    "2": {
        "accuracy": 0.6679999828338623,
        "micro_f1": 0.668,
        "macro_f1": 0.6353679737182837
    },
    "5": {
        "accuracy": 0.6000000238418579,
        "micro_f1": 0.6,
        "macro_f1": 0.5661629381465009
    },
    "8": {
        "accuracy": 0.5669999718666077,
        "micro_f1": 0.567,
        "macro_f1": 0.5418166950426869
    },
    "11": {
        "accuracy": 0.2619999945163727,
        "micro_f1": 0.262,
        "macro_f1": 0.1707325697374548
    },
    "14": {
        "accuracy": 0.3019999861717224,
        "micro_f1": 0.302,
        "macro_f1": 0.2530483277169407
    },
    "17": {
        "accuracy": 0.1940000057220459,
        "micro_f1": 0.194,
        "macro_f1": 0.07432108272696505
    },
    "20": {
        "accuracy": 0.1589999943971634,
        "micro_f1": 0.159,
        "macro_f1": 0.07415322524360796
    }
}