{
    "2": {
        "accuracy": 0.765999972820282,
        "micro_f1": 0.766,
        "macro_f1": 0.7647715355781414
    },
    "5": {
        "accuracy": 0.777999997138977,
        "micro_f1": 0.778,
        "macro_f1": 0.7691224600271244
    },
    "8": {
        "accuracy": 0.7179999947547913,
        "micro_f1": 0.718,
        "macro_f1": 0.6989319500564205
    },
    "11": {
        "accuracy": 0.6480000019073486,
        "micro_f1": 0.648,
        "macro_f1": 0.6459252964893603
    },
    "14": {
        "accuracy": 0.18000000715255737,
        "micro_f1": 0.18,
        "macro_f1": 0.1016949152542373
    },
    "17": {
        "accuracy": 0.28700000047683716,
        "micro_f1": 0.287,
        "macro_f1": 0.25095590794320377
    },
    "20": {
        "accuracy": 0.49799999594688416,
        "micro_f1": 0.498,
        "macro_f1": 0.4748038145870069
    }
}