{
    "2": {
        "accuracy": 0.7680000066757202,
        "micro_f1": 0.768,
        "macro_f1": 0.7661502785316717
    },
    "5": {
        "accuracy": 0.75,
        "micro_f1": 0.75,
        "macro_f1": 0.7459688255268366
    },
    "8": {
        "accuracy": 0.7549999952316284,
        "micro_f1": 0.755,
        "macro_f1": 0.7471953045753511
    },
    "11": {
        "accuracy": 0.7540000081062317,
        "micro_f1": 0.754,
        "macro_f1": 0.7479169261582621
    },
    "14": {
        "accuracy": 0.36800000071525574,
        "micro_f1": 0.368,
        "macro_f1": 0.2466781763539868
    },
    "17": {
        "accuracy": 0.42100000381469727,
        "micro_f1": 0.421,
        "macro_f1": 0.27067633621562276
    },
    "20": {
        "accuracy": 0.4189999997615814,
        "micro_f1": 0.419,
        "macro_f1": 0.21516079419974213
    }
}