{
    "2": {
        "accuracy": 0.7839999794960022,
        "micro_f1": 0.784,
        "macro_f1": 0.7821394664629105
    },
    "5": {
        "accuracy": 0.7369999885559082,
        "micro_f1": 0.737,
        "macro_f1": 0.7464157051023791
    },
    "8": {
        "accuracy": 0.7459999918937683,
        "micro_f1": 0.746,
        "macro_f1": 0.7330193413375223
    },
    "11": {
        "accuracy": 0.25999999046325684,
        "micro_f1": 0.26,
        "macro_f1": 0.2203284213983588
    },
    "14": {
        "accuracy": 0.14399999380111694,
        "micro_f1": 0.144,
        "macro_f1": 0.03609022556390978
    },
    "17": {
        "accuracy": 0.10400000214576721,
        "micro_f1": 0.104,
        "macro_f1": 0.029747867751658694
    },
    "20": {
        "accuracy": 0.13899999856948853,
        "micro_f1": 0.139,
        "macro_f1": 0.06239592388081105
    }
}