{
    "2": {
        "accuracy": 0.7929999828338623,
        "micro_f1": 0.793,
        "macro_f1": 0.7923479402738189
    },
    "5": {
        "accuracy": 0.7580000162124634,
        "micro_f1": 0.758,
        "macro_f1": 0.7606993771693649
    },
    "8": {
        "accuracy": 0.6320000290870667,
        "micro_f1": 0.632,
        "macro_f1": 0.575288543445611
    },
    "11": {
        "accuracy": 0.4440000057220459,
        "micro_f1": 0.444,
        "macro_f1": 0.48526957804658283
    },
    "14": {
        "accuracy": 0.1379999965429306,
        "micro_f1": 0.138,
        "macro_f1": 0.09432777953710594
    },
    "17": {
        "accuracy": 0.13899999856948853,
        "micro_f1": 0.139,
        "macro_f1": 0.07944217064207923
    },
    "20": {
        "accuracy": 0.13300000131130219,
        "micro_f1": 0.133,
        "macro_f1": 0.11893688631349016
    }
}